{"train": {"loss": [0.02878360963308359, 2.431630651514906e-05, 0.01760044886270488, 0.0, 0.01720927321608733, 0.0005914259441548077, 0.018130379636126147, 8.915581599860592e-05, 0.01820798819199101, 0.0011175265412553548, 0.01796721842132018, 0.00037277600619132323, 0.017190579118260024, 0.001861926041059517, 0.021881247436483866, 0.0017726047577035463, 0.018324351499943527, 0.0017972652423474552, 0.015944965341547913, 0.002419397254510072], "f1": []}, "validation": {"f1": [0.0, 0.0, 0.00042158516020236085, 0.0, 0.0005510802794301181, 3.243962175401035e-05, 0.0005510981440959558, 0.0006157635467980296, 0.0004862630683199611, 0.0006480566401503492]}}