{"train": {"loss": [0.02957513128022404, 0.0013892142055229341, 0.017306745447555547, 0.0006395854838383225, 0.07122045949577682, 5.6692785843001476e-05, 0.018760692745098256, 0.0023033467223780232], "f1": []}, "validation": {"f1": [0.0009729834917134238, 0.00022749431264218394, 3.2510281376485316e-05, 0.0006492136399785759]}}