{"train": {"loss": [2.2751712310137817, 0.16039319108127548, 1.5125053835147038, 0.3282871972318339, 1.37079840189338, 0.4719959778783308, 1.1931197001603737, 0.4664736021385609, 1.0258791148670785, 0.7326198839964055, 0.8595751781603477, 0.8097471110366773, 0.7233989309506621, 0.8423882957690788, 0.6073070704049662, 0.8702558100652064, 0.520782750457798, 0.9120774480241232, 0.46274652362367374, 0.9309102302992323], "f1": []}, "validation": {"f1": [0.1424706943192065, 0.21559888579387185, 0.223956931359354, 0.16202844774273345, 0.25678119349005424, 0.24655547498187094, 0.2698931763679965, 0.21189405297351324, 0.24718584883988054, 0.24950320158975486]}}